¹Î,14
º},14
¤g,03
¶é,13
¶ê,13
Âã,18
ÂG,17
¹Ï,14
¼Ú,15
¤È,04
¼Û,15
°ê,11
°é,11
ÄS,19
ÅD,21
³ò,12
®E,10
¥b,05
Ô¬,11
Åï,23
§£,07
¦º,06
Âk,18
¤ï,04
¦`,06
¦a,06
·³,13
«n,09
¿·,16
¦b,06
²÷,11
ÉÈ,06
ÄÑ,20
¦c,06
ªZ,08
ª[,08
¦¹,06
¨B,07
¤î,04
¥¿,05
Åw,22
Êo,07
´Ï,12
¶Ã,13
§U,07
§V,07
¤F,02
¤©,04
¨Æ,08
¨ò,08
¥[,05
¤G,02
¤_,03
¤ª,04
¨ð,08
¤¬,04
¤«,04
¤­,04
Å¤,22
´Ì,12
¥å,06
¨Ç,08
Áq,17
Âû,18
«E,09
¨È,08
¤`,03
¼C,15
²á,11
¤®,04
¥è,06
¥æ,06
¥ç,06
´Æ,12
¦ë,07
¨É,08
¼@,15
«F,09
¨Ê,08
²â,11
«G,09
¸u,13
»E,14
¥\,05
±ó,11
»D,14
¤O,02
´Ö,12
µÁ,12
¤H,02
´Ò,12
¸t,13
Àn,16
ÂÃ,18
Àm,16
ºp,14
½ñ,15
¿º,16
ÂF,17
µã,12
¿¾,16
·²,13
½õ,15
½ï,15
¬¹,09
½ð,15
¾~,15
½ò,15
ç÷,15
¿â,16
½¸,15
Àp,16
¿æ,16
¿ã,16
Àk,16
ê³,16
»I,14
¬`,09
¿|,16
êÉ,16
¿},16
ÁW,17
¬f,09
ÁS,17
ÁV,17
ÁT,17
¬X,09
¬Y,09
¬a,09
¬m,09
¬V,09
½k,15
Á¢,17
¬c,09
³Á,11
¬d,09
¨½,07
¬k,09
¨t,07
¬_,09
ªÈ,08
®ã,10
¬],09
¹T,13
¬W,09
Â³,18
¬h,09
¬U,09
ò­,19
Äz,20
¹S,13
Áa,17
§®,07
ÃÍ,19
§©,07
§¬,07
µH,12
§ª,07
§²,07
§¯,07
Á¸,17
ìê,17
§°,07
ÃÀ,19
²j,11
¦p,06
¦m,06
¦k,06
µK,12
©f,08
©d,08
©c,08
±T,11
©p,08
§«,07
µL,12
©g,08
Äü,21
¬n,09
§­,07
§´,07
Äû,21
¬Ì,09
Âç,18
¸÷,13
¸ó,13
¬Ð,09
¸ø,13
Áñ,17
Áï,17
¬Í,09
¸ñ,13
Âô,18
Âö,18
¯l,10
¯e,10
¯k,10
Âõ,18
¯h,10
Ãö,19
¸õ,13
²«,11
¶Y,12
¶^,12
³Â,11
²¨,11
ÄÄ,20
Æ|,29
»ò,14
Ã¿,19
Ã¦,19
ÂY,18
ª¹,08
¸ò,13
¶Z,12
¶\,12
¶_,12
ºÃ,14
¶],12
ÃÄ,19
¹ø,14
¿³,16
¥Ç,05
¤ü,04
Àß,17
Ã\,18
Äë,20
Ã},19
´Ê,12
µÖ,12
Â],18
Àð,17
§T,07
ÂZ,18
Ä©,20
µQ,12
ÁÎ,17
´Ã,12
µR,12
°u,10
¦|,06
¾B,15
¥«,05
¥¬,05
»W,14
¨D,07
»\,14
¥Å,05
¥Ä,05
»·,14
»º,14
©«,08
»_,14
Á×,17
©¬,08
¦¿,06
¦¼,06
¿í,16
¿î,16
¦Á,06
«Ò,09
¦½,06
¿ð,16
¨L,07
´Å,12
¹L,13
¹B,13
¹C,13
¹J,13
¦Ã,06
¹P,13
®v,10
½´,15
¹E,13
¨M,07
±c,11
»¼,14
»»,14
±b,11
¨T,07
¨V,07
¹F,13
¨O,07
´U,12
¹I,13
¨X,07
Å¥,22
¦³,06
¤ë,04
ªB,08
²Ë,11
ªA,08
ÓJ,10
³Ì,12
·|,13
Öß,11
¾Þ,16
Áo,17
ÓI,10
´Â,12
´Á,12
®Ó,10
®Ò,10
®Ô,10
¯»,10
¤ì,04
¥½,05
¥¼,05
¥¾,05
¥»,05
¥º,05
ºë,14
ã_,14
ºê,14
ºÄ,14
ÂQ,18
Äg,20
ºé,14
Å§,22
µ°,12
¦´,06
´Ë,12
¦¶,06
ÄV,19
Â¾,18
¦·,06
¦^,06
Åa,21
¥|,05
¥},05
©Y,08
µP,12
¼¾,15
¼º,15
´Î,12
¼½,15
¼³,15
¼¶,15
Ån,22
Åo,22
¼A,15
¾ß,16
ÄÛ,21
ÄÙ,21
´Ä,12
¿ª,16
ºJ,14
©T,08
å±,15
´Ç,10
§x,07
¼¸,15
¼»,15
¼µ,15
§z,07
§w,07
¼¹,15
ÀË,17
ÆQ,24
ÆP,24
³À,11
ÄÐ,20
´×,12
ÉÆ,06
¦],06
°¶,11
¯{,10
¨ê,08
¯},10
ÄÇ,20
¯y,10
¯¥,10
±±,11
ó¯,19
±µ,11
´w,12
±´,11
±Ä,11
±°,11
±Å,11
ÄC,19
±¹,11
±»,11
±À,11
¾E,15
¯|,10
Ã¼,19
±Æ,11
Õt,11
¬ã,09
¾S,15
¼Ô,15
±¾,11
±Ã,11
±¸,11
¬ä,09
¬å,09
±Á,11
±½,11
±È,11
±Ç,11
´x,12
±¼,11
±Â,11
¿á,16
Àg,16
¨ë,08
øl,23
Áp,17
óð,19
¨é,08
ÂÙ,18
¼Ö,15
¾v,15
ÂÝ,18
Åè,23
Å¼,23
´Ñ,12
ÂÜ,18
ÂÛ,18
ÁÏ,17
°ª,10
ÃÞ,19
¾¯,16
ÃÛ,19
§O,07
Ãà,19
âu,14
Ãß,19
ÃÚ,19
¶i,12
¶g,12
¶j,12
¯A,10
®ø,10
®ù,10
¶h,12
¹O,13
Ò\,10
¹G,13
³{,11
³s,11
³y,11
½³,15
½¯,15
¦{,06
¤t,03
År,22
®÷,10
¯K,10
¶e,12
½«,15
¾z,15
§Å,07
³v,11
¥¨,05
½±,15
³r,11
³~,11
³w,11
³q,11
³},11
¨µ,07
³o,11
³x,11
³t,11
¤u,03
³u,11
°k,10
°h,10
°e,10
°f,10
¤y,03
°m,10
¤x,03
¤w,03
¤v,03
«Ñ,09
²G,11
¤Ú,04
¿P,16
®N,11
®O,10
«³,09
©b,08
®M,10
«´,09
«·,09
µø,12
¿V,16
¨£,07
©^,08
©`,08
³W,11
­n,09
©a,08
©_,08
¿R,16
¼S,15
¿O,16
¦ó,07
¦n,06
ÉÍ,06
Ä±,20
¦o,06
¦l,06
¥£,05
¥¤,05
¤k,03
Àê,17
½î,15
Àî,17
¹Ü,14
Àë,17
¶ø,13
³þ,12
º½,14
°ø,11
¤²,04
¤³,04
ªÖ,08
³Î,12
ªÓ,08
¤±,04
¶Ð,13
ªÕ,08
ªÎ,08
®æ,10
¤´,04
®Ú,10
¤¶,04
ªÏ,08
¥L,05
¥M,05
¥J,05
¥K,05
®Õ,10
ªÍ,08
¥Q,05
¥a,05
Éi,05
®Ý,10
¥I,05
®è,10
¦Ù,06
®ß,10
¥H,05
¦×,06
­ç,10
¦Ø,06
­G,09
µÂ,12
­è,10
¸v,13
­é,10
Áó,17
¨x,07
©ò,08
«c,09
¥ò,06
¨y,07
¥õ,06
¨{,07
¥é,06
«g,09
¥÷,06
«e,09
¥ô,06
¹x,13
«b,09
¾n,15
¤M,02
¾ì,16
®Û,10
¾¹,16
Å£,22
®Ø,10
¦E,06
°¼,11
§C,07
¦í,07
ºÏ,14
¨©,07
ÃÜ,19
½S,15
¹Â,14
¾u,15
Àe,16
½R,15
Àf,16
ÅC,21
¼M,15
½W,15
¿~,16
°©,10
¿j,16
»ê,14
»ô,14
Æ\,25
°`,10
¨­,07
ÁC,17
¸ú,13
¿¨,16
ÁD,17
»À,14
½ö,15
§õ,07
§ö,07
ÂÂ,18
¾Í,16
§ü,07
§ý,07
Åø,24
¨u,07
§û,07
§ô,07
§ù,07
»Ó,14
¼Ê,15
ÀÄ,17
¯Ò,10
§ú,07
»×,14
§÷,07
§ø,07
ªM,08
¿©,16
ªC,08
¶³,12
¸p,13
¼L,16
»@,14
½},15
½|,15
ªQ,08
ªO,08
ªV,08
¸m,13
Åé,23
ªI,08
ªS,08
ªH,08
ªN,08
ªF,08
·ã,13
³\,11
ªù,08
º¿,14
¼ü,14
¶D,12
µù,12
¶E,12
¶£,12
¶|,12
º¾,14
³¬,11
¶},12
³Z,11
½@,15
¶¢,12
¶¡,12
³X,11
¹h,13
³],11
ºÀ,14
°V,10
ÄÖ,20
°U,10
°S,10
»Õ,14
³_,11
°O,10
³^,11
¬ó,09
³Y,11
·æ,13
­q,09
·ì,13
·ë,13
·ä,13
·ê,13
°à,11
°T,10
·å,13
­p,09
°Q,10
°R,10
´©,12
¦Ë,06
Àa,16
¾l,15
Åi,12
¾k,15
¾j,15
À\,16
¤æ,04
»ç,14
Ù],12
´¤,12
ªÒ,08
´¢,12
´¦,12
´§,12
»æ,14
»å,14
´ª,12
¶°,12
´¥,12
ÃJ,18
´£,12
¬ñ,09
´¡,12
¦Ì,06
Áý,17
´­,12
´«,12
¹m,12
´},12
´z,12
À],16
´~,12
Á¬,17
´y,12
´|,12
À`,16
Ã§,19
Ä¦,20
»Û,14
»O,14
ºÜ,14
²I,11
»ª,14
ºÝ,14
²O,11
²X,11
²c,11
²N,11
¹ñ,14
¿¼,16
¿¶,16
¹ò,14
Âú,18
²^,11
²F,11
²\,11
²Q,11
²Y,11
²f,11
²a,11
²b,11
Á~,17
ª÷,08
²],11
°],10
°w,10
¿¹,16
²H,11
¼Ï,15
°v,10
ªö,08
Äe,20
À­,17
À¬,17
²T,11
²L,11
²K,11
¶q,12
²W,11
­«,09
²V,11
ÄÀ,20
²`,11
¹V,13
²E,11
À½,17
ÀÂ,17
µ¤,12
ìì,17
À¿,17
ÂP,18
À|,17
Äâ,21
Æx,28
ÀÁ,17
Àz,17
À¡,17
ÂX,18
ùÏ,30
À},17
Â\,18
À~,17
À{,17
­¶,09
ºD,14
ÄZ,20
¾Ö,16
¾Ý,16
¾Û,16
¾Õ,16
´ø,12
ÄY,20
À»,17
¾×,16
Ãä,19
¹§,13
Àº,17
ÅÁ,22
¾à,16
¾á,16
Ã`,19
¾Ú,16
Âß,18
¨î,08
¯Þ,10
¯Ø,10
¯Ö,10
Äc,20
±ì,11
¨ì,08
¯Ý,10
±í,11
¨è,08
¯â,10
¯à,10
§P,07
­J,09
¨í,08
§R,07
§S,07
§Q,07
¦C,06
­D,09
¦D,06
­F,09
®Ù,10
®ä,10
®á,10
­M,09
®Ü,10
­O,09
¤À,04
¤Á,04
®×,10
¤b,03
®à,10
¤N,02
¦F,06
®ç,10
¥Z,05
­I,09
®é,10
Ãø,19
Â÷,19
®¼,10
®¾,10
¼¢,15
®µ,10
³·,11
«B,08
®Á,10
®À,10
®¿,10
¹p,13
¹s,13
®¶,10
¹q,13
¹r,13
ÃØ,19
¶­,12
³¶,11
¶±,12
¹H,13
¶®,12
¶¯,12
¬D,09
¹l,13
«õ,09
«ö,09
ÁÛ,17
Áö,17
ÀJ,16
«ù,09
Âù,18
µI,12
«ü,09
Âø,18
¨®,07
ªî,08
ÂÐ,18
ª¼,08
­y,09
­x,09
¸H,13
¸L,13
Äf,20
¸J,13
¯§,10
¶r,12
¸O,13
°a,10
ºÐ,14
¸K,13
Æz,29
Åº,22
ºÑ,14
Åç,23
¯¦,10
ÆJ,24
Åæ,23
ºÓ,14
ÅX,21
¶a,12
¶b,12
¸G,13
¸ý,13
ºÒ,14
¸I,13
½V,15
ÅF,21
½X,15
½T,15
îu,17
¹Ú,14
°÷,11
º³,14
¤j,03
¹Ù,14
¤Ó,04
¤Ò,04
­o,09
¤Ñ,04
¥¡,05
º²,14
¤Ô,04
ºµ,14
¥¢,05
·O,13
¦j,06
Åå,23
§¨,07
º¶,14
»á,14
¿Q,16
¿K,16
Ä²,20
¼ö,15
®L,10
¼÷,15
¼},15
¥~,05
¼õ,15
¤i,03
¦h,06
ÄB,19
¦g,06
¸Ñ,13
©],08
ÅZ,21
¸Ü,13
¸Ó,13
¸Ô,13
µX,12
µ[,12
µa,12
µZ,12
ÄR,19
µú,12
Å»,22
¸ß,13
¸Õ,13
µ^,12
µ\,12
µ],12
¸Ò,13
¸Þ,13
¸à,13
µY,12
¶B,12
¾h,15
¯[,10
³¼,11
²w,11
²z,11
Öq,11
Âd,18
µü,12
²y,11
µþ,12
¯³,10
Äm,20
«÷,09
ªø,08
¥X,05
¥W,05
¦è,06
ºf,14
¨ç,08
ÜÛ,13
¹¹,14
µÊ,12
³Í,12
°Ä,11
¤¿,04
µÈ,12
ªÔ,08
ºa,14
ºk,14
²å,11
º^,14
²ã,11
¤Z,03
¤L,02
²æ,11
²ç,11
¼ô,15
²ä,11
º],14
÷§,22
¾®,16
»þ,15
¬C,09
º_,14
·},13
­ä,10
¯Ü,10
¯Ù,10
¯×,10
­á,10
­â,10
·®,13
­ã,10
¯ß,10
Â´,18
µJ,12
¨¤,07
ÁØ,17
Ã~,19
©Õ,08
Ã©,19
Å¨,22
½Æ,15
©Ø,08
¦i,06
ÀZ,16
®¯,10
Äá,21
¸ô,13
®ª,10
®©,10
¾A,15
®®,10
®¨,10
±x,11
®«,10
»¯,14
¬û,09
´d,12
Õ^,11
²Ú,11
±£,11
±|,11
±ª,11
±~,11
±¥,11
±w,11
±y,11
Æ[,25
¨p,07
±z,11
ÃT,18
Ý´,13
Ýµ,13
¾¾,16
·f,13
·h,13
¾¸,16
¾½,16
·m,13
¼Q,15
¾´,16
¾·,16
¼é,15
ÅQ,21
·p,13
ÅP,21
·l,13
©Þ,08
·i,13
Åý,24
¼O,15
·k,13
·o,13
·n,13
©ì,08
·b,13
¸ö,13
»o,14
·d,13
ÅR,21
½Ö,15
²¡,11
²~,11
½Ë,15
½Õ,15
¹Á,14
²},11
Ã¤,19
»w,14
»|,14
¸Û,13
»z,14
¥Ë,05
»£,14
»¡,14
½Ï,15
Æg,26
»},14
»Q,14
¥Ê,05
¸Ø,13
±g,11
»{,14
»x,14
Ã£,19
º¸,14
Än,20
Å|,22
±Ì,11
¾b,15
ÀH,16
±¶,11
¦H,06
±²,11
±º,11
Õu,11
ÀV,16
Ã÷,19
¾F,15
±Ë,11
±Ê,11
Áõ,17
±·,11
°¦,10
¼Ò,15
¶[,12
¶¨,12
¶©,12
¶¤,12
®·,10
¶¥,12
®º,10
®Ã,10
¾G,15
¹j,13
¹k,13
®»,10
®¹,10
»Ø,14
»Ú,14
»Ù,14
Ãm,19
´O,12
¬~,09
¬¥,09
Á¡,17
Á¨,17
¬},09
Åõ,24
Á§,17
Ïw,09
Ãf,19
ª§,08
Á¤,17
¬v,09
¿Ë,16
´P,12
Àø,17
ÂÄ,18
ÝR,13
¬w,09
·C,13
¿ô,16
¬¤,09
Áà,17
¬¡,09
¬¢,09
¬£,09
¾J,15
¬z,09
¤ö,04
¸â,13
¬ª,09
ÂÈ,18
¬x,09
­L,09
¾L,15
Ä[,20
·Ä,13
§§,07
¤Ð,04
¤h,03
Âµ,18
Äõ,21
Äé,21
ÃÇ,19
¾c,15
¹Ø,14
Üò,13
ÅÚ,23
³ý,12
³ü,12
¾Â,16
¨a,07
¨`,07
Ä¬,20
Äª,20
¾À,16
¨b,07
Ä«,20
¨_,07
øW,23
®p,10
¦Ç,06
ÃÌ,19
¤õ,04
À¤,17
Ãb,19
Ãa,19
ÆW,25
®l,10
ÂS,18
Às,16
¼¯,15
¼°,15
¼G,15
¹Q,13
ÄÁ,20
»V,14
ºR,14
»F,14
ºP,14
ºU,14
ºN,14
¼±,15
¼J,15
¼T,15
¸Ö,13
áà,14
Äê,21
Ãe,19
¼H,15
¼I,15
¹Ä,14
ÄÊ,20
¹¿,14
¹Ç,14
Ý³,13
¹Æ,14
¹Ë,14
¹Å,14
¹É,14
®h,10
¹Ã,14
§Ç,07
ºO,14
´¬,12
¹Ê,14
¹À,14
ºL,14
´ñ,12
åÓ,15
¸y,13
¨æ,08
¸},13
¦B,06
®i,10
¶m,12
¸z,13
¸¡,13
¸¢,13
§N,07
¸{,13
¸£,13
¥V,05
¯è,10
«a,09
­à,10
Àü,17
­Þ,10
­ß,10
¸~,13
µÄ,12
µÃ,12
»G,14
½æ,15
«`,09
«_,09
¼ú,15
ºi,14
°Ã,11
ºb,14
ºl,14
¥T,05
¥U,05
¦A,06
ºc,14
¾¬,16
µÇ,12
®o,10
µÅ,12
µ¬,12
µ¥,12
Äø,21
µ­,12
¸ü,13
ÄË,20
¸û,13
µ§,12
½ù,15
²M,11
½÷,15
½ø,15
¹D,13
µ©,12
µ®,12
µ¨,12
»µ,14
µ¦,12
µª,12
¿è,16
ÆZ,25
ÄF,19
½ü,15
½ú,15
ÁÖ,17
ÁÓ,17
¿ç,16
¿é,16
Áþ,17
¸_,13
ªy,08
ºá,14
Åö,24
´b,12
±§,11
±¦,11
µ¾,12
±«,11
±¤,11
±©,11
²Ý,11
±¡,11
±¨,11
¯Í,10
±{,11
¯Î,10
»T,14
´k,12
´o,12
·Q,13
´m,12
´q,12
À®,17
·S,13
´i,12
´l,12
¿¬,16
¿«,16
¼Ñ,15
´f,12
ªÞ,08
½¡,15
±},11
®V,10
¾`,15
»B,14
»A,14
½©,15
Ãw,19
Ãt,19
Ãv,19
Á«,17
Ãx,19
¼Z,15
¾¥,15
¼[,15
­¿,10
Âm,18
¼X,15
­i,09
¾Á,16
´ô,12
Äi,20
¹Ò,14
¹Ð,14
Äj,20
ÁA,17
ªê,08
Äð,21
­h,09
°@,10
³B,11
¹Ó,14
¼Y,15
¼W,15
µê,12
¸¸,13
¾ï,16
¸·,13
¸¹,13
¿Î,16
¾W,15
½Ñ,15
ºh,14
¿Õ,16
Àô,17
ªw,08
¿Ú,16
¿Ð,16
¿Ø,16
´ì,12
¾T,15
¿Ô,16
ªâ,08
¿Í,16
²u,11
Àö,17
­¦,09
½Û,15
¹ð,14
½Ì,15
¼i,15
¿÷,16
½×,15
¼h,15
½Ð,15
¼þ,15
½A,15
°F,10
½Ô,15
¾Q,15
²p,11
¼ý,15
½Î,15
¿½,16
¾D,15
¾ñ,16
¾ô,16
ºA,14
²r,11
­Ï,10
¾C,15
Å_,21
«Ó,09
»c,14
¿ö,16
§Æ,07
»Ä,14
±X,11
±V,11
±^,11
±Z,11
ÂÇ,18
ÒU,10
±U,11
±[,11
»Ã,14
»b,14
®ý,10
¯O,10
®r,10
±R,11
Âz,18
¬y,09
¿u,16
¶o,12
ÃÂ,19
¶p,12
¼B,15
®ü,10
¯D,10
¿ñ,16
ÃÃ,19
°s,10
®û,10
¯H,10
±W,11
¨Ì,08
¦¾,06
°t,10
ÒF,10
Ä§,20
¯B,10
ÃÅ,19
±Y,11
®ö,10
¯E,10
©È,08
©Ã,08
©Æ,08
¸s,13
«ã,09
«ä,09
¸r,13
¸q,13
¨v,07
¸U,13
¸³,13
»l,14
Àò,17
«ç,09
¬ý,09
¦Ð,06
©Å,08
Àñ,17
¬r,08
Ã¹,19
¦Ï,06
¬ü,09
ªÊ,08
©­,08
«æ,09
©Ê,08
¾ó,16
©É,08
«å,09
¯Ì,10
²Ü,11
©Ä,08
²Û,11
«è,09
©Ç,08
´µ,12
¹M,13
¶Ù,13
¶â,13
¶à,13
¶ä,13
¤ç,04
¶Û,13
¤Ã,04
¶á,13
¬I,09
©ó,08
¤è,04
Â_,18
ßâ,13
ÂN,17
¤ò,04
¹Í,14
·s,13
¿°,16
¶Ü,13
¿±,16
¤å,04
¶Þ,13
¶æ,13
¶å,13
¯á,10
·r,13
¶ã,13
ÄÕ,20
±×,11
±Ø,11
®Æ,10
¶Ý,13
¶Ú,13
·´,13
¶ß,13
¦À,06
´³,12
´´,12
°£,10
®u,10
°~,10
°},10
°|,10
½¬,15
³­,11
³®,11
³´,11
³³,11
Án,17
³±,11
³¯,11
¨Ã,08
¶§,12
º»,14
³°,11
ÅN,21
ªþ,08
«¬,09
ªû,08
»¹,14
­°,09
­¯,09
­®,09
­­,09
°¢,10
°¡,10
Âá,18
Ãâ,19
Âà,18
ÁÒ,17
ÁÕ,17
Ãk,19
¯¹,10
²Æ,11
²Ã,11
ÄH,19
¯º,10
¿à,16
²Â,11
?,19
²Ä,11
²Á,11
¼û,15
¼F,15
²Å,11
±`,11
ÃU,18
¥@,05
ºÞ,14
ÀØ,17
µÎ,12
¯ç,10
·¾,13
·È,13
¦ß,06
·½,13
¦à,06
·Ç,13
«Ï,09
µÏ,12
Î¤,09
²ê,11
µ@,12
¯æ,10
»P,14
Æs,27
¸¤,13
²É,11
Á|,17
»Å,14
«h,09
ªÙ,08
¦Þ,06
Åð,23
®q,10
²ë,11
·Ã,13
×U,11
²î,11
®m,10
·»,13
·Å,13
·Ë,13
·¹,13
±a,11
µ¯,12
·¸,13
®k,10
®n,10
¯ë,10
°D,10
¶ñ,13
¶ó,13
¯N,10
°G,10
³L,11
¶õ,13
²m,11
°B,10
³H,11
³K,11
ÖJ,11
¹Ñ,14
²i,11
¿E,16
¤E,02
²l,11
âA,14
¶ô,13
¶ò,13
½â,15
¯P,10
¯L,10
±æ,11
¯Q,10
°A,10
¶í,13
¶ï,13
¤B,02
°C,10
¶ë,13
¶ì,13
¯M,10
¤@,01
¾M,15
¶ð,13
¶î,13
´²,12
­Ý,10
Áx,17
¨å,08
¼m,15
Áz,17
§L,07
¤µ,04
¨ä,08
¦@,06
¤»,04
¤½,04
´Y,12
¨â,08
¥þ,06
¤K,02
¤J,02
»H,14
¤º,04
¹¸,14
°Â,11
½£,15
½§,15
½¥,15
½¤,15
¨ß,08
ª¤,08
¨à,08
§K,07
·G,13
»K,14
¥ú,06
¥ý,06
§J,07
§X,07
¥R,05
¥S,05
¥û,06
¥ü,06
¤¹,04
¤a,03
¤¸,04
´È,12
´Ó,12
ÀK,16
Ù²,12
´Õ,12
ÀÆ,17
¸f,13
?,03
ÁÉ,17
¸d,13
·¦,13
´Ô,12
µá,12
ÀÛ,17
±Í,11
¿v,16
½d,15
¨¯,07
µÙ,12
¶d,12
¹ª,13
ÂD,17
ÂA,17
¿t,16
¼·,15
¿x,16
Âa,18
Â·,18
°d,10
¨°,07
¹A,13
¿z,16
ÀN,16
¿w,16
´À,12
Àj,16
»¶,14
ÁN,17
¼ì,15
¿ì,16
¿ë,16
±Ù,11
Ãã,19
ÅG,21
Ä|,20
ÆO,24
Â¸,18
§ó,07
®£,10
Ã´,19
Ã¸,19
Ã·,19
®¤,10
Ãl,19
Ãº,19
«é,09
«î,09
Ä},20
Ä~,20
«í,09
Ã¶,19
Á[,17
Á^,17
±v,11
Ác,17
«ê,09
µ×,12
«ë,09
®¦,10
®§,10
«ï,09
®¥,10
«ì,09
®¡,10
ª¡,08
«ò,09
®¢,10
¸@,13
»Í,14
ºÌ,14
¼Â,15
»Ê,14
¥^,05
Åñ,24
»Î,14
·û,13
¸A,13
à¶,13
»É,14
¸B,13
·þ,13
ºÎ,14
åù,15
·ü,13
ÁÁ,17
·ú,13
¾Z,15
¾U,15
Á¿,17
·ý,13
Á¾,17
¸C,13
ºM,14
ÁÄ,17
Á¼,17
µt,12
ÁÀ,17
¼í,15
¿×,16
¿Ñ,16
¨Á,07
±I,11
±F,11
±K,11
±G,11
±H,11
¦é,06
¯Ê,10
´I,12
´J,12
´H,12
´K,12
ªü,08
¨¾,07
Â`,18
¨À,07
¹î,14
µæ,12
´e,12
¹ì,14
¹è,14
¹ç,14
¹ê,14
¹é,14
¹í,14
¼g,15
¼f,15
¹ë,14
¸Ì,13
¼e,15
¾È,16
Ä_,20
Ãd,19
Á¯,17
¦x,06
¤o,03
¹¥,13
»ö,15
»õ,15
»ü,15
¥¸,05
¾§,16
·¤,13
·¬,13
·«,13
¾¨,16
ÄÏ,20
·¡,13
Àv,17
Àw,17
·°,13
·£,13
ÄÎ,20
Àu,17
·~,13
·©,13
Àx,17
·¢,13
·¥,13
ÄØ,21
¾Ù,16
½g,15
©¼,08
§Ã,07
¿´,16
·Æ,13
·Ê,13
¸`,13
´þ,12
º°,14
¸¥,13
§Ä,07
·¼,13
«l,09
·É,13
·À,13
âq,14
êº,16
¦â,06
©¢,08
©§,08
ºu,14
©¨,08
º¯,14
©¤,08
¦ã,06
º±,14
©Ñ,08
º­,14
©£,08
Ä¥,20
º¢,14
©¥,08
¨},07
¦¯,06
¦°,06
³à,12
¼´,15
³ì,12
¦­,06
³æ,12
¤é,04
¥¹,05
¬J,09
³Ù,12
©ù,08
³ë,12
©ô,08
¹©,13
³é,12
³å,12
§ò,07
³ï,12
³Û,12
³ã,12
ÆE,24
±Û,11
³Ø,12
®È,10
³Þ,12
³ä,12
µ½,12
®Ç,10
³â,12
³Ý,12
³ñ,12
³ê,12
Å·,22
³ß,12
³Ü,12
¹«,13
³ç,12
ºX,14
³á,12
¦Ý,06
¥P,05
­P,09
¦Ü,06
µÞ,12
¯ä,10
¦Û,06
Á{,17
ª×,08
¦Ú,06
Å¦,22
Â»,18
Âó,18
Ã¾,19
½ª,15
¼²,15
ÂÁ,18
ÂÀ,18
Áy,17
©ø,08
Àt,16
Áu,17
Áv,17
­´,09
¥¦,05
¦v,06
²ö,11
¦t,06
¦u,06
¦w,06
§º,07
§¹,07
§»,07
ÅT,21
Ãý,19
ÌX,08
©v,08
©x,08
©z,08
©w,08
©{,08
©y,08
«È,09
¶´,12
«Ç,09
Æa,25
®c,10
½p,15
®_,10
ÄÈ,20
®`,10
²Ê,11
®d,10
®a,10
®f,10
®e,10
ÁO,17
Áú,17
±J,11
ªð,08
ºâ,14
ºä,14
ªñ,08
º×,14
¨´,07
¨³,07
¨±,07
ÅW,21
ªï,08
ºà,14
Ä¢,20
ºå,14
ãT,14
°g,10
°j,10
¸T,13
­z,09
¿p,16
Â¦,18
°l,10
°i,10
õX,20
°n,10
¦¨,06
­{,09
­£,09
­~,09
­|,09
µÉ,12
­¡,09
­},09
®ú,10
æÙ,15
½b,15
¼ê,15
³ó,12
¤â,04
³ô,12
¶µ,12
¬¶,09
¬³,09
¬²,09
¬´,09
¬¯,09
µð,12
³ù,12
¸À,13
¸º,13
¸¿,13
¬±,09
¿o,16
³õ,12
°ô,11
¬°,09
³÷,12
³ø,12
³J,11
³M,11
°î,11
°ï,11
³E,11
°í,11
³I,11
³D,11
µï,12
µì,12
ª£,08
µë,12
Á_,17
Ãµ,19
ª¥,08
ÅA,21
²·,11
²´,11
²³,11
Äþ,21
Å[,21
Å@,21
Ä³,20
²µ,11
²²,11
¯w,10
¯t,10
Ä¶,20
·j,13
¯v,10
Äµ,20
¤D,02
ÃÐ,19
ÃÑ,19
ÃÓ,19
¯u,10
Ïà,09
¬Ü,09
¬Ý,09
ÃÒ,19
¬Ù,09
ÃÏ,19
¬à,09
Âf,18
½Ò,15
¾ð,16
Â©,18
¶È,13
Â¿,18
¹³,14
Áj,17
ÀÈ,17
¹²,14
¹´,14
ÀÌ,17
¹±,14
¼b,15
ÀÉ,17
¹¬,14
¹®,14
Âi,18
»~,14
¹­,14
Á°,17
ÆK,24
Âe,18
»ø,15
¿],16
¬â,09
¹µ,14
Âb,18
»÷,15
»ù,15
»í,14
»î,14
¾y,15
¼ª,15
¿¤,16
ÁY,17
¼¬,15
¾Ì,16
¼¦,15
Ád,17
¼¨,15
Á\,17
¾Î,16
în,17
Á`,17
ÁZ,17
³½,11
¼~,15
¾Ñ,16
¾Ð,16
¿¢,16
¾Ë,16
¾|,15
ÁÐ,17
¼©,15
¼§,15
¾{,15
éw,16
¼¥,15
¼«,15
¿£,16
½F,15
¥ó,06
¦¬,06
§ï,07
§ñ,07
§ð,07
°Õ,11
°Ø,11
³Q,11
¬F,09
©ñ,08
³Ú,12
³î,12
Åu,22
Â¶,18
ÄÌ,20
ÅÍ,23
Åó,24
¤ä,04
°Ý,11
Ä´,20
Äd,20
°Ú,11
»ñ,14
°Ö,11
°Ó,11
°ç,11
»ð,14
°Ù,11
»ï,14
°ã,11
±Ò,11
°×,11
°Þ,11
¨ã,08
¼Ä,15
³¾,11
»ì,14
ª¿,08
Æp,27
¦ç,06
¶v,12
««,09
¥Û,05
¶s,12
µu,12
ÁB,17
¶u,12
¯x,10
¶w,12
ª¾,08
©i,08
¨o,07
¥Ú,05
¹\,13
ÂÔ,18
¥Ù,05
Æf,26
Å÷,24
®P,10
¹a,13
¼¼,15
®S,10
¾¦,15
ªº,08
Ã@,18
¾x,15
ðÝ,18
ÅÜ,23
Áù,17
Æ_,25
¥¥,05
¤Õ,04
¦r,06
ÂÚ,18
¤l,03
¾µ,16
§µ,07
§¶,07
©s,08
Æ^,25
¦s,06
©t,08
¾d,15
©u,08
ÌU,08
¿Ã,16
ðþ,18
«Ä,09
®],10
¹å,14
ÂÕ,18
±E,11
®Q,10
°J,10
¾Ç,16
À©,17
´ü,12
µA,12
±P,11
´î,12
¨~,07
ªÛ,08
¿ï,16
ªÜ,08
©},08
«Î,09
«Í,09
«Ì,09
«Ë,09
§¾,07
§½,07
©~,08
¨¡,07
©¡,08
¦z,06
´ý,12
ªá,08
´å,12
ªÚ,08
´ù,12
¤s,03
´÷,12
ªè,08
ªà,08
ªå,08
´è,12
ªã,08
´ú,12
´ä,12
ÍÀ,08
ÄÝ,21
¤Ù,04
ªÝ,08
±O,11
´õ,12
´ç,12
´ë,12
´í,12
¥Ö,05
§Õ,07
¿W,16
©À,08
»h,14
Æ{,29
©Á,08
»g,14
©¿,08
»d,14
Ã¡,19
ÊÝ,07
©¾,08
»f,14
ôn,20
§Ö,07
§Ø,07
»i,14
Âx,18
À¶,17
Ây,18
Ê×,07
ÊØ,07
§Ó,07
¦¤,06
¸¼,13
Å\,21
¦£,06
§Ñ,07
¸Á,13
·à,13
¸¾,13
¤ß,04
Áµ,17
»e,14
¥²,05
»j,14
º®,14
¸»,13
ãé,14
§Ô,07
§Ò,07
Å],21
¼Å,15
¾ã,16
°Û,11
ºV,14
­ò,10
ÀÅ,17
°á,11
³è,12
¼Æ,15
ÁÂ,17
´°,12
´±,12
®A,10
½¾,15
·q,13
°â,11
°ß,11
°ä,11
±Î,11
±Ñ,11
­ð,10
±Õ,11
ÄÞ,21
­ø,10
±Ï,11
´¯,12
¶f,12
±Ô,11
±Ð,11
¬G,09
¹ý,14
±Ó,11
­ü,10
®Ä,10
²Í,11
²×,11
²Ì,11
²Õ,11
µ²,12
µ´,12
Å±,22
¸l,13
À£,17
µ±,12
µº,12
µ¸,12
Þ³,13
µ¹,12
µ³,12
»à,14
µ¶,12
µ·,12
²Î,11
©Z,08
¸h,13
ÁJ,17
¶¦,12
½°,15
²£,11
¾ö,16
½¹,15
®½,10
½\,15
½Á,15
¨¿,07
¿n,16
¿q,16
½º,15
¨s,07
¥Þ,05
ÁÆ,17
½`,15
¬ï,09
·K,13
¨¦,07
ªÅ,08
ªÆ,08
ÅÉ,23
µS,12
¿ò,16
Åq,22
Ã¬,19
Ã­,19
ÃP,18
²P,11
ÃO,18
Äý,21
¼N,15
ÄG,19
½µ,15
÷Î,22
¾Ó,16
À³,17
¾Ò,16
øU,23
Àµ,17
Å½,22
À´,16
®t,10
Äß,21
¥Ð,05
Äà,21
°«,10
Äa,20
½²,15
ªý,08
Ãj,19
Ãi,19
Ãh,19
Ãg,19
ßB,13
¥Ó,05
±_,11
°­,10
½®,15
µV,12
½­,15
»¤,14
¼x,15
¼w,15
¥©,05
½¼,15
­v,09
½»,15
À²,17
¥ª,05
±s,11
½½,15
·â,13
·á,13
´a,12
´_,12
´`,12
µU,12
·L,13
º{,14
®},10
®|,10
®{,10
±o,11
±r,11
±p,11
±u,11
±q,11
¹æ,14
©¹,08
©º,08
²D,11
²q,11
«Ý,09
«Ü,09
«â,09
«Þ,09
«ß,09
«á,09
²s,11
½¿,15
Ãê,19
Ãò,19
Ãô,19
²U,11
ÃÆ,19
ÅH,21
»k,14
ÃÉ,19
²[,11
ÄÃ,20
·§,13
çM,15
Ä{,20
³z,11
³p,11
Ãè,19
³Å,12
¦ô,07
³È,12
§D,07
¦ñ,07
¦ø,07
¦ù,07
¦÷,07
¦ü,07
Âæ,18
Ãq,19
ÀÍ,17
³Ç,12
ÂÌ,18
ÀÀ,17
Ãr,19
§B,07
³Æ,12
¥ð,06
¥ï,06
³Ã,12
¶Ê,13
¶Ä,13
¥ë,06
¿N,16
Ão,19
Á¥,17
õÑ,21
¶Å,13
¥ø,06
¶Ë,13
¶Æ,13
¶Ç,13
¥ì,06
¶É,13
Âå,18
¥ñ,06
³V,11
¥î,06
¶Ì,13
­V,09
Ðk,09
©|,08
´é,12
¦y,06
¿S,16
­b,09
­],09
­a,09
¤Ö,04
µE,12
¤p,03
¹ï,14
´L,12
´M,12
±M,11
±L,11
±N,11
®g,10
«Ê,09
§À,07
Ð{,09
¥§,05
¤Ø,04
Á¦,17
¤¨,04
´ê,12
Àª,17
­^,09
«µ,09
´N,12
§¼,07
´ò,12
´ï,12
¤×,04
­W,09
Áß,17
­Y,09
´h,12
¿U,16
·\,13
Ãì,19
öt,21
½Í,15
ÄÆ,20
­¸,09
­¹,09
·[,13
ÂË,17
·Z,13
·T,13
¶¹,12
Äò,21
õì,21
¶º,12
´r,12
·U,13
¶¸,12
·N,13
Æl,27
¿c,16
´j,12
¹¢,13
¹¡,13
¹},13
ÅÖ,23
¶¼,12
·R,13
·M,13
´g,12
·P,13
¦¡,06
¶Ô,13
­õ,10
·¨,13
®C,10
­ó,10
­÷,10
¼É,15
¼È,15
®@,10
­ô,10
º[,14
¼Ç,15
­û,10
­ý,10
­ú,10
­þ,10
­ù,10
­ï,10
¤Ä,04
ÎN,09
´»,12
·t,13
·x,13
¾K,15
«z,09
·u,13
«¡,09
«~,09
«s,09
±ï,11
·v,13
«v,09
«¢,09
¼^,15
¹u,13
ºË,14
¹v,13
½Q,15
½M,15
½O,15
Ãû,19
¾a,15
­±,09
Ât,18
«U,09
­²,09
Áæ,17
¿f,16
¿g,16
¿e,16
«C,08
Á@,17
¹t,13
¹],13
ÀQ,16
Åy,22
ÀR,16
À¨,17
«D,08
Àý,17
¾Ä,16
Â¤,18
À¦,17
Â£,18
Â¥,18
¸Z,13
³b,11
«¯,09
¸W,13
¸\,13
¸[,13
Æv,28
¸X,13
°Z,10
µ|,12
àT,13
µ},12
Åx,22
½Ý,15
µy,12
µz,12
¨§,07
µ{,12
°\,10
Ãó,19
¹d,13
­A,09
½],15
½Z,15
½_,15
«i,09
»¨,14
¿Ý,16
¸Y,13
¶H,12
ºØ,14
ÃÕ,19
¤f,03
ÂO,18
¿A,16
¥t,05
¥y,05
¥j,05
¥s,05
¥u,05
¥n,05
¥o,05
¥i,05
¥m,05
¥z,05
¥l,05
¥k,05
¥v,05
¥x,05
¿D,16
ªÌ,08
­[,09
³Ð,12
­T,09
¥q,05
­S,09
­Z,09
­_,09
¥p,05
°Ñ,11
¼å,15
òó,19
Ó¦,10
¤°,04
¯ø,10
¯ñ,10
¤Í,04
¤Î,04
¤e,03
¤¯,04
¯÷,10
¤Ï,04
º«,14
¼î,15
®â,10
¨ü,08
¨ú,08
¯ý,10
«q,09
­î,10
¯Z,10
§Ï,07
¯\,10
¼v,15
°È,11
ªÑ,08
©»,08
°É,11
§Ð,07
¯],10
®Ö,10
«Û,09
§Í,07
²{,11
ÁH,17
§Î,07
´^,12
±l,11
±m,11
îg,17
³C,11
¬Ã,09
±k,11
¬À,09
·J,13
¬Ä,09
¿Á,16
¿Â,16
¿À,16
¹û,14
Åk,22
Ä­,20
À±,17
Ås,22
¿Ä,16
¼u,15
¬ö,09
¬ô,09
¬ù,09
¬õ,09
»a,14
¬÷,09
¯¿,10
¯¾,10
¯Ç,10
¯Ã,10
³Ñ,12
ÓV,10
¯Â,10
¯½,10
¯È,10
¯Å,10
¯É,10
Äo,20
»],14
¯À,10
¯¼,10
¯Á,10
°Å,11
Àé,17
³Ê,12
µµ,12
²Ï,11
²Ö,11
²Ó,11
²Ô,11
°Æ,11
¿µ,16
²Ð,11
¯p,10
¨|,07
Âc,18
¨Õ,08
¨Î,08
¨Ö,08
°¾,11
°¹,11
¼×,15
¼Î,15
¥O,05
°²,11
¨Ï,08
§A,07
¼Ì,15
¦þ,07
¼Ð,15
°±,11
Äö,21
¨Ø,08
°º,11
¼Ó,15
¥N,05
¦õ,07
¦ö,07
¦û,07
®ê,10
¦ï,07
§E,07
§H,07
­å,11
§@,07
¼Ë,15
¦ú,07
°°,11
¾ë,16
¦ý,07
¦î,07
§G,07
°»,11
¦ì,07
°½,11
°¸,11
¯¸,10
­s,09
³º,11
¿ß,16
ßï,13
¥ß,05
ÅÑ,23
®¬,10
Â¬,18
Â«,18
Äu,20
¶I,12
¶M,12
¶K,12
¶T,12
ªÇ,08
¶U,12
¶O,12
¶Q,12
¶R,12
¶S,12
¶L,12
Äv,20
³d,11
¶J,12
Äå,21
³c,11
³f,11
³e,11
³g,11
³¹,11
³h,11
µ£,12
­t,09
°^,10
¤¼,04
¼z,15
ºC,14
¨z,07
Á},17
¼{,15
¸S,13
¼£,15
´n,12
¼y,15
ºB,14
¯¨,10
²»,11
¼¤,15
²¼,11
²½,11
­·,09
¼R,15
·X,13
«d,09
¯ª,10
®þ,10
·V,13
·W,13
º¡,14
¯©,10
¯«,10
¯¬,10
Í¢,08
ªÁ,08
¬é,09
»ä,14
¬ç,09
¬è,09
ºF,14
ë¦,16
ºG,14
Âñ,18
Âè,18
ºw,14
Âê,18
Âò,18
¼K,15
­c,09
­e,09
º~,14
¿T,16
¿Ç,16
Âí,18
Äw,20
ÄÒ,20
¶û,13
ÅS,21
¾Ü,16
¶ú,13
Åµ,22
Àù,17
Àç,17
·A,13
¶ù,13
´ö,12
Ãú,19
Äú,21
Â¡,18
¹á,14
Ãù,19
Ä¯,20
Ä®,20
ÀM,16
¾É,16
Äp,20
ðK,18
ÀO,16
¹à,14
Áø,17
¹ß,14
Á÷,17
¹ä,14
Äî,21
¾^,15
¾_,15
¾],15
¼_,15
¿i,16
»Ý,14
¹º,14
¦Ê,06
¥Õ,05
µo,12
µn,12
Åú,24
ø¿,24
¬Ñ,09
«I,09
°¿,11
­¾,10
«Q,09
­Ó,10
­Ü,10
­Ç,10
éÈ,16
«K,09
¾í,16
¾÷,16
­É,10
Ã],18
­Ê,10
­Õ,10
­Ô,10
­Æ,10
¦®,06
«J,09
«V,09
­Ë,10
­Ì,10
­Ù,10
­Û,10
­Å,10
­Â,10
ºK,14
¨Ñ,08
­Ò,10
¾ò,16
­È,10
¨Ó,08
¨Ô,08
¨Í,08
¾î,16
¨Ü,08
¨×,08
¨Ò,08
¦ò,07
ÀÜ,17
´û,12
ÀÞ,17
¯ò,10
¹½,14
¯î,10
ÀÝ,17
»È,14
¯ó,10
¯ð,10
Âo,18
¥h,05
Âq,18
²þ,11
¤Ì,04
¿B,16
Äq,20
²ý,11
²ü,11
×^,11
Àã,17
Íù,09
«p,09
ÀÙ,17
À×,17
­í,10
­ì,10
®Ñ,10
±ä,11
°Ò,11
«¥,09
´¿,12
«y,09
¤ê,04
«|,09
¦±,06
¦²,06
«w,09
«¦,09
«x,09
«r,09
ç³,15
ÀG,16
«£,09
«§,09
«},09
«¤,09
©B,08
©@,08
©J,08
Ãn,19
©G,08
½è,15
©N,08
Øp,12
¾å,16
©H,08
©C,08
©M,08
©S,08
¾ä,16
»L,14
ÅÄ,22
ºò,14
±Ú,11
§M,07
¿Ï,16
ºü,14
½r,15
¼Õ,15
´ð,12
½u,15
æè,15
½l,15
½t,15
®G,10
½q,15
½n,15
½w,15
½s,15
½m,15
ÀI,16
Å},22
­×,10
½o,15
Â®,18
¦æ,06
­l,09
¦å,06
ºÅ,14
ºÆ,14
¸Å,13
âÚ,14
½Ã,15
½Ä,15
´A,12
ºÈ,14
Ä¼,20
³N,11
¸|,13
´C,12
µó,12
ªí,08
½G,15
­m,09
½C,15
½H,15
Ã±,19
Áw,17
¿Å,16
´E,12
ÄW,20
«°,09
¶ý,13
Ã¯,19
°I,10
Ã°,19
·B,13
·@,13
½å,15
¸],13
½ß,15
½á,15
µ~,12
µ¢,12
µ¡,12
²À,11
²¿,11
«R,09
½ã,15
½ä,15
¾H,15
¯·,10
ÁÈ,17
¯¶,10
ÁÊ,17
¬ð,09
¸ï,13
ÁK,17
¶P,12
¿s,16
¸ê,13
¸ì,13
¸ð,13
¸é,13
¸ë,13
°µ,11
½a,15
»«,14
»¬,14
ºÚ,14
ºÛ,14
½à,15
«W,09
½ç,15
¬Â,09
«M,09
ÂÎ,18
¬¿,09
ÃÊ,19
¬Á,09
¿Ù,16
®z,10
±j,11
±i,11
©¸,08
ÂÏ,18
ª´,08
ÂÍ,18
ª±,08
©¶,08
©·,08
¦¢,06
¥°,05
¨h,07
§Ì,07
ºj,14
¤},03
Á®,17
¥±,05
¤Ý,04
¤Þ,04
¹ú,14
îh,17
²v,11
¥È,05
¤ý,04
¥É,05
Î»,09
§Ë,07
¼ë,15
Áô,17
Äñ,21
¹Õ,14
Áä,17
ÀÔ,17
ÆV,25
Áé,17
¿L,16
Áç,17
Áå,17
Áá,17
§¡,07
Åv,22
°§,10
îÔ,17
Áë,17
ÃB,18
¸j,13
ÁF,17
ºî,14
¸g,13
¸i,13
Àq,16
µ«,12
ºû,14
º÷,14
¾i,15
ºñ,14
¹K,13
Äæ,21
ºö,14
ºì,14
ºú,14
º¬,14
ºø,14
ºï,14
ºô,14
ºõ,14
¿@,16
ºó,14
ºù,14
­Í,10
´Þ,12
­Ä,10
ÑL,10
®H,10
­Ñ,10
°ì,11
©V,08
Âs,18
´Ý,12
®J,10
¬p,09
¤],03
¬o,09
­Á,10
®I,10
­¼,10
«L,09
«H,09
®í,10
®î,10
®ï,10
¬q,09
°õ,11
«O,09
·µ,13
°ò,11
°ö,11
´ß,12
±þ,11
«T,09
ÔÁ,11
°ð,11
«[,09
«N,09
«Y,09
«P,09
¹~,13
éã,16
«X,09
©Ü,08
ÃD,18
ÃC,18
ÃE,18
ÄA,19
©ï,08
¥Ü,05
Áû,17
ªÀ,08
?,22
©Ù,08
Ãþ,19
Ä@,19
©â,08
©ã,08
©ê,08
Ät,20
»´,14
©è,08
§â,07
§à,07
»²,14
Å¸,22
©[,08
Ãª,19
ÅU,21
§Þ,07
§Û,07
³Ä,12
ÁG,17
§é,07
§ì,07
§ç,07
§í,07
§Ü,07
§Ý,07
§ë,07
©D,08
Åí,23
©R,08
©I,08
Ä÷,21
©K,08
¨ý,08
¤§,04
¨þ,08
Åã,23
¬L,09
©P,08
¬O,09
Æ~,32
¬Q,09
¤í,04
¬K,09
¬N,09
©O,08
¬M,09
°Ô,11
øf,23
¬P,09
©õ,08
Åì,23
©ö,08
ÅÃ,22
§e,07
©ü,08
§i,07
§r,07
§c,07
§f,07
§b,07
¨U,07
¨G,07
¿ú,16
¾P,15
º§,14
ÀD,16
¿ù,16
¨I,07
¨H,07
ËP,07
¿ü,16
Áã,17
¨P,07
Ìî,08
¨S,07
¨N,07
¨R,07
ºZ,14
¨K,07
¨F,07
¿ý,16
§¿,07
ÂÅ,18
­¢,09
ªj,08
ªq,08
ªe,08
ªb,08
À@,16
ªv,08
ÃM,18
ªo,08
ªm,08
ªu,08
ªg,08
ªf,08
ªh,08
³T,11
¬Õ,09
¯q,10
³U,11
¯s,10
¬×,09
ª»,08
°K,10
¬Ö,09
²±,11
µs,12
·ù,13
·ø,13
°û,11
²°,11
²¯,11
³R,11
Àú,17
´@,12
¥Ø,05
ºÉ,14
Æ`,25
ºÊ,14
Ø¸,12
½L,15
´B,12
¬Ú,09
¬Û,09
±A,11
¬ß,09
¬Þ,09
ÃQ,18
°ý,11
µö,12
ª½,08
·ð,13
ºx,14
º©,14
¨ö,08
¥d,05
¥e,05
ºz,14
¥f,05
³k,11
Åî,23
§Z,07
º¥,14
¨÷,08
¦M,06
¦L,06
§Y,07
ºy,14
º¤,14
­ë,10
º¦,14
²õ,11
¨ø,08
«o,09
¤Ê,04
¤É,04
ÂM,17
¤Q,02
°Ï,11
¤d,03
¸o,13
²ú,11
­µ,09
²ø,11
¥c,05
¸n,13
²ï,11
¨ó,08
²ù,11
·w,13
¨õ,08
¨ô,08
²ô,11
¤R,02
ºv,14
ºt,14
³Õ,12
¤Ü,04
¬»,09
Åt,22
«Ø,09
¸¨,13
§Ê,07
©µ,08
²o,11
ÆU,25
¯S,10
ªª,08
«Å,09
¨c,07
¨d,07
¨e,07
­³,09
²ß,11
¼s,15
¼o,15
ª«,08
¼t,15
¼q,15
¼r,15
¼p,15
¦È,06
¹ù,14
¤û,04
¤ú,04
¤ù,04
µÜ,12
µä,12
µÓ,12
·H,13
µÑ,12
·y,13
´[,12
´Z,12
µå,12
§^,07
§q,07
Àï,17
§k,07
§l,07
§j,07
§o,07
ÅI,21
§n,07
§d,07
§s,07
Åb,21
§\,07
§t,07
§h,07
§_,07
§a,07
§p,07
½N,15
§],07
§u,07
ºq,14
§[,07
§g,07
?,06
°{,10
¦\,06
ÄL,19
¦R,06
¦V,06
¦Z,06
¦O,06
¦P,06
¦W,06
¦Q,06
ÆN,24
¦X,06
¦N,06
¦[,06
®b,10
¦U,06
¦Y,06
¦S,06
®É,10
®Ì,10
Äy,20
®Ð,10
Ál,17
®Ê,10
Äx,20
®Ë,10
®Î,10
®Í,10
²_,11
±ß,11
Â¼,18
°·,11
±Þ,11
ÆY,25
ÆX,25
±â,11
Â½,18
±à,11
éS,16
±á,11
ÅÒ,23
´¶,12
´º,12
Å¢,22
Åò,24
´·,12
´¹,12
´¾,12
´¸,12
´¼,12
´½,12
¨»,07
ÂE,17
²¦,11
²¥,11
²¤,11
µe,12
µf,12
ÀS,16
²§,11
·í,13
Åâ,23
·î,13
ÂØ,18
©÷,08
Ä¹,20
ºß,14
¬È,09
ÃÙ,19
¬É,09
Å«,22
©ú,08
ÅB,21
¯`,10
»³,14
¯c,10
¯d,10
¯a,10
¯b,10
¹{,13
¹y,13
¹w,13
§å,07
¬A,09
«ø,09
«ú,09
¬@,09
»â,14
²¾,11
­»,09
³»,11
¯¯,10
¯±,10
±ç,11
¶¶,12
¬B,09
®³,10
«ý,09
¶·,12
®±,10
¯´,10
ª@,08
¹|,13
«þ,09
©à,08
©Ô,08
ÀU,16
©ß,08
¬ì,09
©ç,08
©ð,08
¬í,09
ÀW,16
¯²,10
¿h,16
©Ö,08
¯µ,10
©î,08
©æ,08
©ë,08
©å,08
©é,08
©Û,08
«ô,09
¨q,07
À[,16
©ä,08
Ìµ,08
©Ú,08
©Ý,08
ªÃ,08
¬î,09
ÀY,16
ÀA,16
¤÷,04
±e,11
²n,11
±f,11
±d,11
ª¨,08
¸ª,13
·Ý,13
»Ô,14
®x,10
¸¬,13
¸®,13
Àþ,17
®w,10
ª¦,08
¸²,13
«×,09
®y,10
«Ö,09
¸«,13
©²,08
ß¸,13
¸¯,13
Äl,20
©°,08
·ç,13
©³,08
©±,08
ÂT,18
µÛ,12
Á­,17
¸­,13
Ãz,19
¨¥,07
§É,07
ÉÜ,06
Ã{,19
§È,07
¸¶,13
¾\,15
ªp,08
³¡,11
ªn,08
³¢,11
¬u,09
°p,10
½Ø,15
ªc,08
Âr,18
½c,15
ªk,08
³£,11
ÆF,24
ªx,08
¶l,12
­¥,09
ªi,08
ª_,08
ªd,08
ª`,08
­§,09
¯R,10
½v,15
®õ,10
ªa,08
°q,10
ÀF,16
¿ø,16
¤ñ,04
À^,16
µM,12
¥D,05
¤¦,04
¤Y,03
¦ê,07
¤¥,04
¼Ý,15
¤¤,04
©U,08
¤X,03
´É,12
¥À,05
¨C,07
Âp,18
¤ð,04
¥á,06
¥à,06
¤þ,05
¥C,05
··,13
¥B,05
¤¡,04
¤¢,04
«­,09
Â×,18
¤£,04
«®,09
¤U,03
¤W,03
¤T,03
¤V,03
²A,11
´à,12
¤C,02
«±,09
²@,11
­ê,10
¼æ,15
¶×,13
µÔ,12
¹Ö,14
¼ã,15
µØ,12
¦K,06
æC,15
Ûj,12
µÐ,12
¤Ç,04
°Ð,11
°Î,11
«u,09
¹¼,14
±¯,11
µÒ,12
Û£,12
¦I,06
«m,09
ÄÉ,20
µß,12
µâ,12
¥],05
Ûu,12
°Í,11
¼ç,15
¼ï,15
µé,12
°Ë,11
¤Æ,04
¥_,05
¼â,15
¾r,15
¬ê,09
¥Ý,05
¨r,07
¸V,13
¾o,15
¾m,15
Ã«,19
¾p,15
¨¸,07
¾t,15
ÁI,17
©Ð,08
µû,12
Â§,18
¹Ô,14
»é,14
ÁÅ,17
À¹,17
¤á,04
¿m,16
¾Ô,16
ÂW,18
À¸,17
¦¦,06
¤à,04
Àd,16
¥³,05
Â@,17
ÅÊ,23
ºÕ,14
ºÖ,14
±­,11
©Ï,08
¼ä,15
Àb,16
©Î,08
§Ú,07
³ö,12
§Ù,07
Äã,21
ÄO,19
ÄP,19
ÄM,19
»y,14
ªì,08
½¦,15
óç,19
ÄN,19
ºÙ,14
¼V,15
Åª,22
ÃZ,18
Áè,17
ÃY,18
¹õ,14
²®,11
Ær,27
Æw,28
ÄT,19
®U,10
¸Ç,13
¸Î,13
¬Ò,09
¬Ó,09
®R,10
¸È,13
¨m,07
®T,10
¸É,13
¸Ë,13
µõ,12
»ó,14
µô,12
½J,15
«½,09
«Â,09
µq,12
Åß,23
°ù,11
»n,14
»r,14
»q,14
Å²,22
»s,14
¥×,05
®Z,10
½K,15
¬µ,09
½Þ,15
¬R,09
¨ª,07
³j,11
±B,11
µc,12
µd,12
¥Î,05
¥Ï,05
¨j,07
¹ô,14
»®,14
­u,09
¥Ñ,05
¥Ò,05
°_,10
¨«,07
¾ú,16
¨k,07
¨l,07
Ëm,07
ºÂ,14
¿Æ,16
ÅÞ,23
ª¢,08
Â|,18
¥Ì,05
¬Æ,09
¼d,15
²¢,11
À°,17
¥Í,05
®Þ,10
±ñ,11
±ë,11
°ó,11
±C,11
¶Õ,13
¤Å,04
±é,11
¯Õ,10
¤c,03
¯Ô,10
ÄU,20
¦Õ,06
Ày,17
±ù,11
±è,11
­C,09
±ô,11
±ê,11
³S,11
±ð,11
¾þ,16
«j,09
¦Ó,06
¦Ò,06
§I,07
¦Ñ,06
Ä£,20
«k,09
±ø,11
¿Ó,16
¶Ò,13
³Ò,12
³Ó,12
¯Ð,10
³Ô,12
±ö,11
²à,11
¦Ô,06
°Ê,11
­@,09
¯Ó,10
°Ç,11
¯Ñ,10
¯U,10
¯W,10
»U,14
¯V,10
¯T,10
»Z,14
¬¼,09
ÅÝ,23
©¯,08
¬¾,09
¬½,09
º£,14
»[,14
»X,14
¨n,07
´c,12
ª°,08
»`,14
ª¯,08
¥Ã,05
¿\,16
ª¬,08
¨g,07
¨f,07
¸¦,13
ªJ,08
ÁM,17
¾ý,16
Þm,13
ÁL,17
¹X,13
ªP,08
ªL,08
ªE,08
»S,14
ÌÖ,08
ªR,08
ªK,08
ªG,08
ªT,08
Ã¥,19
­X,09
Â­,18
¬\,09
ÆC,24
½Å,15
Â²,18
ÏE,09
¬[,09
Ã®,19
¬b,09
ÏL,09
¿F,16
Ã²,19
©h,08
¬e,09
¶À,12
°®,11
§|,07
§¤,07
À¯,17
°ü,11
ÂH,17
¾¤,15
¶Á,12
¨Å,08
¶Â,12
¼á,15
Æj,26
§},07
ÂL,17
§¥,07
§¢,07
ÂI,17
ÂK,17
§{,07
ÕÙ,11
¤^,03
´Û,12
´Ü,12
¤A,01
´Ú,12
©\,08
¨Ä,08
±ý,11
Åf,21
¥â,06
¥ã,06
¥E,05
¥G,05
¥F,05
¤\,03
ÅÙ,23
¯ù,10
¦¸,06
¤[,03
ªY,08
¯ô,10
©W,08
ÁÍ,17
¤S,02
µm,12
µg,12
½ì,15
·ö,13
²ó,11
¯ü,10
·ò,13
¨¬,07
­w,09
·ô,13
¯f,10
¯g,10
¶V,12
¶X,12
¶W,12
³n,11
²¬,11
²ª,11
ÅJ,21
½ë,15
ÅK,21
ÅL,21
¯í,10
»°,14
µk,12
µh,12
­º,09
¸N,13
§ß,07
Á·,17
¨û,08
§ä,07
©Ó,08
§ã,07
µx,12
¦©,06
µw,12
²¸,11
¿û,16
§ê,07
§è,07
§á,07
¥¶,05
¥´,05
µv,12
¹¤,13
¥µ,05
¹£,13
¦ª,06
¦«,06
?,11
ºs,14
ÃL,18
©Ò,08
«ó,09
®°,10
°¨,10
¶¿,12
¶¾,12
´v,12
¤ã,04
¤~,03
ª©,08
´T,12
¼ß,15
¤ó,04
¨º,07
ÀÖ,17
¨¹,07
ªó,08
¥Á,05
¹÷,14
°H,10
¥Y,05
ªô,08
ÍÖ,08
ªò,08
ª^,08
¹ü,14
®ñ,10
¼l,15
®ð,10
¹_,13
ÁÜ,17
ÁÚ,17
´â,12
¿»,16
ÁÙ,17
¿È,16
²B,11
Ââ,18
¤ô,04
¥­,05
¤z,03
¦~,06
¦},06
·F,13
¨¶,07
¤Û,04
¥Æ,05
«Õ,09
¥®,05
´X,12
ºI,14
«À,09
Á³,17
½È,15
½Ç,15
«¸,09
©m,08
©q,08
·Ï,13
©j,08
·Ù,13
©e,08
©l,08
©n,08
³¥,11
©k,08
·Ò,13
·Î,13
·×,13
«Ã,09
Þs,13
«º,09
º|,14
»R,14
º´,14
«Á,09
«¿,09
¾e,15
«¼,09
·Ó,13
·Ö,13
·Ø,13
·Ñ,13
³¨,11
·Ð,13
µN,12
æù,15
©F,08
